vehicle_no,<5,duration <5,>=5 and <10,duration >=5 and <10,>=10,duration >=10,total_idle_count,total_idle_duration
BHE144,1.0,4.5,0.0,0.0,0.0,0.0,1.0,4.5
BHE185,2.0,3.04,0.0,0.0,1.0,24.45,3.0,27.49
BHG7093,6.0,7.630000000000001,1.0,7.65,0.0,0.0,7.0,15.280000000000001
BHG7095,2.0,5.45,0.0,0.0,0.0,0.0,2.0,5.45
BHG9852,7.0,10.57,1.0,7.4,2.0,28.17,10.0,46.14
BHG9856,3.0,2.9,1.0,5.28,0.0,0.0,4.0,8.18
BHH1086,6.0,10.27,3.0,22.85,2.0,22.1,11.0,55.220000000000006
BHH1090,7.0,12.47,0.0,0.0,0.0,0.0,7.0,12.47
BHL7165,2.0,1.53,0.0,0.0,0.0,0.0,2.0,1.53
BHL7351,1.0,0.53,0.0,0.0,0.0,0.0,1.0,0.53
BHU901,2.0,1.37,0.0,0.0,0.0,0.0,2.0,1.37
BHU903,3.0,4.04,0.0,0.0,0.0,0.0,3.0,4.04
BHU994,6.0,8.28,0.0,0.0,1.0,11.15,7.0,19.43
BJB2161,4.0,7.87,0.0,0.0,1.0,22.77,5.0,30.64
BJB2478,4.0,4.41,0.0,0.0,1.0,14.77,5.0,19.18
BJB270,2.0,1.71,1.0,5.62,0.0,0.0,3.0,7.33
BJB4653,1.0,1.1,0.0,0.0,0.0,0.0,1.0,1.1
BJM3929,4.0,3.82,0.0,0.0,0.0,0.0,4.0,3.82
BJM3936,11.0,17.27,1.0,5.4,1.0,20.07,13.0,42.74
BJM3942,1.0,1.35,0.0,0.0,0.0,0.0,1.0,1.35
BJM3952,8.0,11.51,0.0,0.0,0.0,0.0,8.0,11.51
BJN8974,4.0,2.19,1.0,5.17,0.0,0.0,5.0,7.359999999999999
BJN8977,1.0,2.03,1.0,7.8,0.0,0.0,2.0,9.83
BJN8984,1.0,0.53,0.0,0.0,0.0,0.0,1.0,0.53
BJP1472,11.0,15.209999999999999,3.0,22.830000000000002,0.0,0.0,14.0,38.04
BJP1473,1.0,2.55,0.0,0.0,0.0,0.0,1.0,2.55
BJP2081,3.0,1.83,0.0,0.0,0.0,0.0,3.0,1.83
BJP2084,4.0,9.78,0.0,0.0,0.0,0.0,4.0,9.78
BJP4735,3.0,10.16,2.0,13.940000000000001,0.0,0.0,5.0,24.1
BJR2246,2.0,1.65,0.0,0.0,0.0,0.0,2.0,1.65
BJR2253,4.0,8.85,0.0,0.0,0.0,0.0,4.0,8.85
BJR2256,1.0,0.82,0.0,0.0,0.0,0.0,1.0,0.82
BJR2267,5.0,5.62,0.0,0.0,0.0,0.0,5.0,5.62
BJR2270,1.0,0.87,0.0,0.0,0.0,0.0,1.0,0.87
BJS5579,3.0,2.75,0.0,0.0,0.0,0.0,3.0,2.75
BJS5584,5.0,6.34,0.0,0.0,0.0,0.0,5.0,6.34
BJS5873,1.0,0.38,0.0,0.0,0.0,0.0,1.0,0.38
BJS5877,3.0,5.13,0.0,0.0,0.0,0.0,3.0,5.13
BJT7060,6.0,10.540000000000001,2.0,15.02,1.0,14.1,9.0,39.660000000000004
BKA8249,1.0,0.58,0.0,0.0,0.0,0.0,1.0,0.58
BKB5203,1.0,0.68,0.0,0.0,0.0,0.0,1.0,0.68
BKC1056,3.0,6.0,0.0,0.0,0.0,0.0,3.0,6.0
BKD9962,4.0,5.71,0.0,0.0,0.0,0.0,4.0,5.71
BKE102,1.0,1.53,1.0,5.47,0.0,0.0,2.0,7.0
BKG2441,1.0,3.55,0.0,0.0,0.0,0.0,1.0,3.55
BKH1406,3.0,4.41,2.0,11.43,0.0,0.0,5.0,15.84
BKH1443,2.0,7.25,0.0,0.0,0.0,0.0,2.0,7.25
BKH1453,3.0,4.18,0.0,0.0,0.0,0.0,3.0,4.18
BKH2090,2.0,4.15,0.0,0.0,0.0,0.0,2.0,4.15
BKP3235,1.0,0.73,0.0,0.0,0.0,0.0,1.0,0.73
BKP3237,1.0,3.5,0.0,0.0,0.0,0.0,1.0,3.5
BKP3254,3.0,3.67,0.0,0.0,0.0,0.0,3.0,3.67
BKP3260,1.0,0.77,1.0,6.23,0.0,0.0,2.0,7.0
BKS6112,1.0,0.9,0.0,0.0,0.0,0.0,1.0,0.9
BKS6131,9.0,3.67,0.0,0.0,1.0,21.65,10.0,25.32
BKS6141,2.0,1.85,0.0,0.0,0.0,0.0,2.0,1.85
BKS7619,3.0,6.119999999999999,1.0,5.42,1.0,16.95,5.0,28.49
BKU2491,5.0,6.84,1.0,9.63,0.0,0.0,6.0,16.47
BKV2873,6.0,11.81,2.0,15.17,0.0,0.0,8.0,26.98
BKV4941,1.0,4.48,0.0,0.0,0.0,0.0,1.0,4.48
BKX2171,17.0,37.0,1.0,5.37,0.0,0.0,18.0,42.37
BKX2179,5.0,4.57,1.0,5.3,0.0,0.0,6.0,9.870000000000001
BLB3910,1.0,1.03,0.0,0.0,0.0,0.0,1.0,1.03
BLD2225,2.0,3.48,1.0,8.63,0.0,0.0,3.0,12.110000000000001
BLE8061,11.0,24.009999999999998,2.0,12.02,0.0,0.0,13.0,36.03
BLE8069,3.0,5.0,0.0,0.0,0.0,0.0,3.0,5.0
BLE8076,4.0,7.19,0.0,0.0,0.0,0.0,4.0,7.19
BLF337,1.0,0.3,0.0,0.0,0.0,0.0,1.0,0.3
BLF3804,3.0,3.6100000000000003,0.0,0.0,0.0,0.0,3.0,3.6100000000000003
BLF3849,4.0,10.29,0.0,0.0,0.0,0.0,4.0,10.29
BLF3861,4.0,5.779999999999999,0.0,0.0,1.0,30.82,5.0,36.6
BLF4515,3.0,3.0300000000000002,0.0,0.0,0.0,0.0,3.0,3.0300000000000002
BLF6254,4.0,3.75,0.0,0.0,0.0,0.0,4.0,3.75
BLF6375,1.0,1.95,0.0,0.0,0.0,0.0,1.0,1.95
BLF6377,8.0,18.2,2.0,16.53,1.0,10.93,11.0,45.660000000000004
BLF6378,1.0,3.75,0.0,0.0,0.0,0.0,1.0,3.75
BLF6379,5.0,10.16,0.0,0.0,0.0,0.0,5.0,10.16
BLF7491,3.0,7.630000000000001,2.0,13.7,0.0,0.0,5.0,21.33
BLF7584,1.0,0.8,0.0,0.0,0.0,0.0,1.0,0.8
BLF9073,3.0,2.8800000000000003,0.0,0.0,0.0,0.0,3.0,2.8800000000000003
BLG1440,1.0,0.55,1.0,5.97,1.0,19.68,3.0,26.2
BLG2085,1.0,0.95,0.0,0.0,0.0,0.0,1.0,0.95
BLL1059,1.0,2.12,0.0,0.0,0.0,0.0,1.0,2.12
BLS3739,4.0,3.86,2.0,14.48,3.0,45.3,9.0,63.64
BLS3759,3.0,3.4299999999999997,0.0,0.0,0.0,0.0,3.0,3.4299999999999997
BLS3766,10.0,15.1,2.0,11.67,2.0,27.68,14.0,54.45
BLS3791,1.0,0.43,0.0,0.0,0.0,0.0,1.0,0.43
BLS6285,2.0,5.6899999999999995,2.0,16.28,0.0,0.0,4.0,21.97
BLS6320,1.0,4.05,0.0,0.0,0.0,0.0,1.0,4.05
BLU7340,9.0,11.85,0.0,0.0,0.0,0.0,9.0,11.85
BLU7414,11.0,19.06,1.0,5.7,1.0,18.75,13.0,43.51
BLV2302,1.0,4.93,0.0,0.0,0.0,0.0,1.0,4.93
BLV3495,1.0,0.6,0.0,0.0,1.0,13.43,2.0,14.03
BLV6745,1.0,2.13,0.0,0.0,0.0,0.0,1.0,2.13
BLV6748,3.0,3.85,0.0,0.0,0.0,0.0,3.0,3.85
BLV6751,2.0,7.34,0.0,0.0,0.0,0.0,2.0,7.34
BLV8576,2.0,1.54,0.0,0.0,0.0,0.0,2.0,1.54
BLW482,2.0,1.99,0.0,0.0,0.0,0.0,2.0,1.99
BLW533,1.0,1.42,0.0,0.0,1.0,14.4,2.0,15.82
BMA1255,3.0,7.81,0.0,0.0,3.0,50.52,6.0,58.330000000000005
BMA5144,3.0,7.17,0.0,0.0,0.0,0.0,3.0,7.17
BMA5208,9.0,16.740000000000002,0.0,0.0,0.0,0.0,9.0,16.740000000000002
BMA5387,6.0,13.25,0.0,0.0,0.0,0.0,6.0,13.25
BMA6025,1.0,0.27,0.0,0.0,0.0,0.0,1.0,0.27
BMA6453,1.0,0.87,1.0,5.03,0.0,0.0,2.0,5.9
BMA751,2.0,4.32,1.0,7.98,0.0,0.0,3.0,12.3
BMA755,6.0,10.49,1.0,6.55,0.0,0.0,7.0,17.04
BMA768,1.0,1.72,0.0,0.0,1.0,11.13,2.0,12.850000000000001
BMA772,8.0,17.55,1.0,5.37,0.0,0.0,9.0,22.92
BMA774,9.0,14.77,0.0,0.0,0.0,0.0,9.0,14.77
BMA805,2.0,2.44,1.0,7.72,0.0,0.0,3.0,10.16
BMA841,9.0,8.94,2.0,11.43,0.0,0.0,11.0,20.369999999999997
BMB5182,4.0,5.38,5.0,35.19,0.0,0.0,9.0,40.57
BMB5191,2.0,3.9,1.0,5.72,0.0,0.0,3.0,9.62
BMB5293,5.0,8.83,0.0,0.0,0.0,0.0,5.0,8.83
BMB9768,2.0,4.38,0.0,0.0,1.0,11.2,3.0,15.579999999999998
BMB9820,3.0,1.6,0.0,0.0,0.0,0.0,3.0,1.6
BMD1572,2.0,7.25,0.0,0.0,0.0,0.0,2.0,7.25
BMD1579,2.0,4.8100000000000005,0.0,0.0,0.0,0.0,2.0,4.8100000000000005
BMD1588,1.0,1.1,0.0,0.0,0.0,0.0,1.0,1.1
BMD9735,9.0,16.77,1.0,6.62,0.0,0.0,10.0,23.39
BME3342,3.0,9.77,2.0,14.37,2.0,23.810000000000002,7.0,47.95
BME3409,2.0,5.800000000000001,0.0,0.0,0.0,0.0,2.0,5.800000000000001
BMF2943,2.0,2.85,0.0,0.0,0.0,0.0,2.0,2.85
BMH6538,8.0,10.15,0.0,0.0,0.0,0.0,8.0,10.15
BMH6549,2.0,0.78,1.0,9.57,2.0,34.91,5.0,45.26
BMH6552,2.0,4.43,0.0,0.0,2.0,25.42,4.0,29.85
BMJ6594,3.0,7.33,0.0,0.0,0.0,0.0,3.0,7.33
BMJ6601,6.0,8.67,0.0,0.0,0.0,0.0,6.0,8.67
BMJ7052,1.0,0.45,1.0,9.82,0.0,0.0,2.0,10.27
BMJ8433,2.0,6.119999999999999,0.0,0.0,0.0,0.0,2.0,6.119999999999999
BMK1462,5.0,9.26,2.0,12.73,0.0,0.0,7.0,21.990000000000002
BMK1536,5.0,8.05,0.0,0.0,0.0,0.0,5.0,8.05
BMK1554,7.0,15.379999999999999,1.0,5.95,0.0,0.0,8.0,21.33
BMK1568,1.0,1.85,0.0,0.0,1.0,14.62,2.0,16.47
BMK1583,1.0,3.0,1.0,5.57,0.0,0.0,2.0,8.57
BMK1590,1.0,2.67,1.0,7.0,0.0,0.0,2.0,9.67
BMK1606,8.0,20.64,10.0,72.21,3.0,33.74,21.0,126.59
BMK1826,1.0,0.6,1.0,5.72,0.0,0.0,2.0,6.319999999999999
BMK2464,6.0,13.229999999999999,5.0,38.53,0.0,0.0,11.0,51.76
BMK2478,2.0,9.29,0.0,0.0,0.0,0.0,2.0,9.29
BMK2485,1.0,0.9,0.0,0.0,0.0,0.0,1.0,0.9
BMK3976,3.0,3.03,0.0,0.0,0.0,0.0,3.0,3.03
BMK4069,3.0,2.56,0.0,0.0,0.0,0.0,3.0,2.56
BMK4077,17.0,33.46,0.0,0.0,0.0,0.0,17.0,33.46
BMK4494,2.0,2.62,0.0,0.0,0.0,0.0,2.0,2.62
BMK4498,1.0,0.43,0.0,0.0,1.0,38.8,2.0,39.23
BMK4575,6.0,10.81,0.0,0.0,0.0,0.0,6.0,10.81
BMK4586,3.0,5.9,0.0,0.0,0.0,0.0,3.0,5.9
BMK4628,17.0,30.96,0.0,0.0,0.0,0.0,17.0,30.96
BMK4633,3.0,6.08,0.0,0.0,0.0,0.0,3.0,6.08
BML5365,1.0,0.52,0.0,0.0,0.0,0.0,1.0,0.52
BMR8499,3.0,5.34,0.0,0.0,0.0,0.0,3.0,5.34
BMS4109,1.0,1.65,0.0,0.0,0.0,0.0,1.0,1.65
BMS4115,1.0,0.38,0.0,0.0,0.0,0.0,1.0,0.38
BMS4136,1.0,4.3,0.0,0.0,3.0,31.869999999999997,4.0,36.169999999999995
BMS4297,3.0,1.9900000000000002,0.0,0.0,0.0,0.0,3.0,1.9900000000000002
BMS4323,16.0,33.21,10.0,77.05,9.0,160.14000000000001,35.0,270.4
BMS4376,3.0,3.56,0.0,0.0,0.0,0.0,3.0,3.56
BMS6460,2.0,5.5,0.0,0.0,0.0,0.0,2.0,5.5
BMS7951,14.0,20.91,0.0,0.0,0.0,0.0,14.0,20.91
BMS7955,1.0,0.43,0.0,0.0,0.0,0.0,1.0,0.43
BMT4198,1.0,0.68,0.0,0.0,0.0,0.0,1.0,0.68
BMU2584,1.0,4.97,0.0,0.0,0.0,0.0,1.0,4.97
BMY5232,3.0,0.93,0.0,0.0,0.0,0.0,3.0,0.93
BMY6017,2.0,2.91,2.0,17.85,2.0,40.0,6.0,60.760000000000005
BMY6047,3.0,6.85,0.0,0.0,0.0,0.0,3.0,6.85
BMY6073,2.0,2.21,0.0,0.0,0.0,0.0,2.0,2.21
BMY6120,1.0,3.37,0.0,0.0,0.0,0.0,1.0,3.37
BNA207,1.0,0.32,1.0,5.6,0.0,0.0,2.0,5.92
BNA231,4.0,14.16,4.0,27.36,4.0,158.8,12.0,200.32
BNA251,1.0,1.07,0.0,0.0,0.0,0.0,1.0,1.07
BNA276,12.0,15.19,0.0,0.0,0.0,0.0,12.0,15.19
BNA281,2.0,4.68,0.0,0.0,0.0,0.0,2.0,4.68
BNA287,2.0,3.0700000000000003,1.0,8.98,0.0,0.0,3.0,12.05
BNA295,2.0,6.87,0.0,0.0,0.0,0.0,2.0,6.87
BNA296,2.0,2.03,2.0,15.16,0.0,0.0,4.0,17.19
BNA305,1.0,1.12,0.0,0.0,0.0,0.0,1.0,1.12
BNA4593,8.0,14.43,3.0,18.990000000000002,0.0,0.0,11.0,33.42
BNA5049,1.0,0.73,0.0,0.0,0.0,0.0,1.0,0.73
BNB1530,2.0,3.5,0.0,0.0,0.0,0.0,2.0,3.5
BNB1537,1.0,0.27,0.0,0.0,0.0,0.0,1.0,0.27
BNB1993,4.0,6.43,1.0,6.45,1.0,11.0,6.0,23.88
BNB498,3.0,2.06,0.0,0.0,0.0,0.0,3.0,2.06
BNB502,2.0,1.9900000000000002,1.0,5.72,1.0,14.28,4.0,21.99
BNB6459,4.0,3.38,1.0,5.7,0.0,0.0,5.0,9.08
BNB6469,2.0,2.3,1.0,7.67,1.0,16.22,4.0,26.189999999999998
BNC449,1.0,1.78,0.0,0.0,0.0,0.0,1.0,1.78
BNC453,2.0,1.52,3.0,24.6,0.0,0.0,5.0,26.12
BNC457,2.0,4.26,1.0,5.73,0.0,0.0,3.0,9.99
BNC462,2.0,1.9500000000000002,0.0,0.0,1.0,15.08,3.0,17.03
BNC467,4.0,2.6,0.0,0.0,0.0,0.0,4.0,2.6
BNC6474,1.0,0.92,0.0,0.0,1.0,53.0,2.0,53.92
BND6482,1.0,4.92,0.0,0.0,1.0,19.1,2.0,24.020000000000003
BNE1700,1.0,2.13,0.0,0.0,0.0,0.0,1.0,2.13
BNE1730,1.0,0.23,0.0,0.0,0.0,0.0,1.0,0.23
BNE1742,1.0,1.9,0.0,0.0,0.0,0.0,1.0,1.9
BNE1747,5.0,10.02,0.0,0.0,1.0,18.37,6.0,28.39
BNE3237,3.0,6.74,0.0,0.0,0.0,0.0,3.0,6.74
BNE3240,1.0,1.98,0.0,0.0,0.0,0.0,1.0,1.98
BNE3243,1.0,1.57,0.0,0.0,0.0,0.0,1.0,1.57
BNE3251,2.0,2.26,0.0,0.0,0.0,0.0,2.0,2.26
BNE5939,1.0,0.53,0.0,0.0,0.0,0.0,1.0,0.53
BNE5954,1.0,0.63,0.0,0.0,0.0,0.0,1.0,0.63
BNE6172,9.0,19.22,2.0,12.219999999999999,0.0,0.0,11.0,31.439999999999998
BNE6175,1.0,0.42,0.0,0.0,0.0,0.0,1.0,0.42
BNE6181,1.0,0.87,0.0,0.0,0.0,0.0,1.0,0.87
BNE8013,12.0,17.15,0.0,0.0,0.0,0.0,12.0,17.15
BNJ6053,1.0,1.98,0.0,0.0,0.0,0.0,1.0,1.98
BNP5589,8.0,23.529999999999998,1.0,6.72,0.0,0.0,9.0,30.249999999999996
BNP5607,4.0,5.31,2.0,13.55,3.0,44.099999999999994,9.0,62.959999999999994
BNP6717,1.0,0.63,1.0,5.17,0.0,0.0,2.0,5.8
BNP6724,5.0,11.98,0.0,0.0,0.0,0.0,5.0,11.98
BNP6727,1.0,0.3,0.0,0.0,0.0,0.0,1.0,0.3
BNP6901,2.0,1.94,0.0,0.0,0.0,0.0,2.0,1.94
BNP9470,8.0,17.31,1.0,6.65,0.0,0.0,9.0,23.96
BNQ1272,1.0,0.27,0.0,0.0,0.0,0.0,1.0,0.27
BNQ1283,1.0,0.78,0.0,0.0,0.0,0.0,1.0,0.78
BNQ1307,3.0,2.05,0.0,0.0,0.0,0.0,3.0,2.05
BNQ1334,10.0,21.08,3.0,20.61,0.0,0.0,13.0,41.69
BNQ1437,8.0,7.25,3.0,20.62,2.0,21.689999999999998,13.0,49.56
BNQ5520,1.0,1.18,0.0,0.0,0.0,0.0,1.0,1.18
BNQ553,8.0,4.8,0.0,0.0,0.0,0.0,8.0,4.8
BNQ589,1.0,1.52,0.0,0.0,0.0,0.0,1.0,1.52
BNR4602,3.0,3.87,0.0,0.0,0.0,0.0,3.0,3.87
BNR4610,1.0,1.53,0.0,0.0,0.0,0.0,1.0,1.53
BNR4612,4.0,3.88,0.0,0.0,0.0,0.0,4.0,3.88
BNR4615,4.0,6.21,0.0,0.0,0.0,0.0,4.0,6.21
BNS7285,4.0,7.25,0.0,0.0,0.0,0.0,4.0,7.25
BNT3079,1.0,3.97,1.0,7.43,0.0,0.0,2.0,11.4
BNT3080,24.0,69.2,3.0,15.78,0.0,0.0,27.0,84.98
BNT3095,2.0,1.37,0.0,0.0,0.0,0.0,2.0,1.37
BNT3106,2.0,2.94,0.0,0.0,1.0,23.0,3.0,25.94
BNT3150,3.0,8.36,0.0,0.0,0.0,0.0,3.0,8.36
BNT3160,2.0,1.87,0.0,0.0,0.0,0.0,2.0,1.87
BNT3167,1.0,3.52,0.0,0.0,0.0,0.0,1.0,3.52
BNT3482,6.0,14.43,0.0,0.0,0.0,0.0,6.0,14.43
BNT3556,2.0,6.98,1.0,5.97,0.0,0.0,3.0,12.95
BNT3560,3.0,3.25,0.0,0.0,0.0,0.0,3.0,3.25
BNT3562,2.0,2.64,0.0,0.0,0.0,0.0,2.0,2.64
BNT3567,1.0,0.3,2.0,14.79,3.0,105.82,6.0,120.91
BNT4217,16.0,14.76,0.0,0.0,0.0,0.0,16.0,14.76
BNT9506,2.0,2.38,0.0,0.0,0.0,0.0,2.0,2.38
BNT9509,1.0,1.47,1.0,6.28,0.0,0.0,2.0,7.75
BNT9517,4.0,3.33,0.0,0.0,0.0,0.0,4.0,3.33
BNT9529,1.0,4.68,0.0,0.0,0.0,0.0,1.0,4.68
BNU9825,3.0,5.2299999999999995,0.0,0.0,0.0,0.0,3.0,5.2299999999999995
BNU9834,1.0,4.33,0.0,0.0,0.0,0.0,1.0,4.33
BNU9841,1.0,3.12,0.0,0.0,3.0,256.90999999999997,4.0,260.03
BNW1579,1.0,1.8,0.0,0.0,0.0,0.0,1.0,1.8
BNW1583,1.0,0.82,0.0,0.0,0.0,0.0,1.0,0.82
BNX3235,1.0,0.1,2.0,12.83,0.0,0.0,3.0,12.93
BNX9380,1.0,0.75,0.0,0.0,0.0,0.0,1.0,0.75
BNY7454,1.0,1.37,0.0,0.0,0.0,0.0,1.0,1.37
BNY7458,3.0,6.78,0.0,0.0,0.0,0.0,3.0,6.78
BNY7521,1.0,0.8,1.0,8.0,0.0,0.0,2.0,8.8
BNY7536,1.0,0.6,2.0,15.059999999999999,2.0,20.86,5.0,36.519999999999996
BPA2835,1.0,1.25,0.0,0.0,0.0,0.0,1.0,1.25
BPA2836,3.0,5.659999999999999,0.0,0.0,0.0,0.0,3.0,5.659999999999999
BPA2838,5.0,9.55,0.0,0.0,0.0,0.0,5.0,9.55
BPA3249,2.0,3.63,0.0,0.0,0.0,0.0,2.0,3.63
BPA3253,1.0,4.6,0.0,0.0,0.0,0.0,1.0,4.6
BPA6204,3.0,3.9299999999999997,0.0,0.0,0.0,0.0,3.0,3.9299999999999997
BPA6208,1.0,0.3,0.0,0.0,0.0,0.0,1.0,0.3
BPA6209,2.0,1.63,0.0,0.0,0.0,0.0,2.0,1.63
BPA6971,4.0,6.9399999999999995,0.0,0.0,0.0,0.0,4.0,6.9399999999999995
BPA6976,1.0,1.83,1.0,6.5,0.0,0.0,2.0,8.33
BPA6987,2.0,1.7799999999999998,0.0,0.0,0.0,0.0,2.0,1.7799999999999998
BPA6997,2.0,2.87,0.0,0.0,0.0,0.0,2.0,2.87
BPA7039,1.0,3.25,1.0,6.05,0.0,0.0,2.0,9.3
BPB1474,2.0,4.3999999999999995,0.0,0.0,0.0,0.0,2.0,4.3999999999999995
BPB1478,1.0,0.7,0.0,0.0,0.0,0.0,1.0,0.7
BPB3117,2.0,4.28,1.0,6.1,0.0,0.0,3.0,10.379999999999999
BPB4383,2.0,6.1499999999999995,0.0,0.0,0.0,0.0,2.0,6.1499999999999995
BPB4388,1.0,1.22,0.0,0.0,0.0,0.0,1.0,1.22
BPB4392,2.0,1.9500000000000002,0.0,0.0,0.0,0.0,2.0,1.9500000000000002
BPB4393,2.0,5.08,2.0,14.93,0.0,0.0,4.0,20.009999999999998
BPB4394,3.0,4.55,0.0,0.0,0.0,0.0,3.0,4.55
BPB4998,1.0,1.3,0.0,0.0,0.0,0.0,1.0,1.3
BPB5016,1.0,3.45,0.0,0.0,0.0,0.0,1.0,3.45
BPB6203,3.0,1.11,0.0,0.0,1.0,22.0,4.0,23.11
BPB623,1.0,2.58,0.0,0.0,0.0,0.0,1.0,2.58
BPB647,2.0,1.4500000000000002,1.0,5.78,1.0,12.32,4.0,19.55
BPB649,2.0,2.05,0.0,0.0,0.0,0.0,2.0,2.05
BPB650,1.0,4.58,1.0,8.85,0.0,0.0,2.0,13.43
BPB651,2.0,6.24,0.0,0.0,0.0,0.0,2.0,6.24
BPB861,2.0,5.04,0.0,0.0,0.0,0.0,2.0,5.04
BPB913,2.0,1.8399999999999999,0.0,0.0,0.0,0.0,2.0,1.8399999999999999
BPB940,1.0,0.57,0.0,0.0,0.0,0.0,1.0,0.57
BPC1649,2.0,6.9,0.0,0.0,9.0,222.9,11.0,229.8
BPC1651,6.0,6.3,0.0,0.0,0.0,0.0,6.0,6.3
BPC1652,1.0,1.7,0.0,0.0,0.0,0.0,1.0,1.7
BPC1654,2.0,2.74,0.0,0.0,0.0,0.0,2.0,2.74
BPC4478,2.0,2.58,0.0,0.0,0.0,0.0,2.0,2.58
BPC4482,1.0,0.58,0.0,0.0,0.0,0.0,1.0,0.58
BPC4484,1.0,1.03,0.0,0.0,0.0,0.0,1.0,1.03
BPC7034,1.0,0.82,0.0,0.0,0.0,0.0,1.0,0.82
BPC9426,1.0,1.87,0.0,0.0,0.0,0.0,1.0,1.87
BPD2956,6.0,17.64,1.0,6.67,0.0,0.0,7.0,24.310000000000002
BPD2957,5.0,0.36000000000000004,0.0,0.0,3.0,78.15,8.0,78.51
BPD326,1.0,0.35,0.0,0.0,1.0,11.12,2.0,11.469999999999999
BPD6205,6.0,7.89,0.0,0.0,0.0,0.0,6.0,7.89
BPD6563,2.0,3.15,0.0,0.0,0.0,0.0,2.0,3.15
BPD7056,2.0,0.25,0.0,0.0,0.0,0.0,2.0,0.25
BPD8601,1.0,0.07,0.0,0.0,0.0,0.0,1.0,0.07
BPD8604,1.0,1.47,0.0,0.0,0.0,0.0,1.0,1.47
BPD8610,1.0,0.13,0.0,0.0,0.0,0.0,1.0,0.13
BPD8614,7.0,12.63,0.0,0.0,0.0,0.0,7.0,12.63
BPD9412,1.0,1.4,1.0,6.55,0.0,0.0,2.0,7.949999999999999
BPD9414,1.0,0.97,0.0,0.0,0.0,0.0,1.0,0.97
BPD9419,3.0,5.16,0.0,0.0,8.0,304.56,11.0,309.72
BPD9432,4.0,3.04,2.0,14.219999999999999,0.0,0.0,6.0,17.259999999999998
BPD9719,1.0,0.82,0.0,0.0,0.0,0.0,1.0,0.82
BPD9722,3.0,7.17,0.0,0.0,0.0,0.0,3.0,7.17
BPD9723,3.0,6.5,0.0,0.0,0.0,0.0,3.0,6.5
BPD9726,1.0,0.67,0.0,0.0,0.0,0.0,1.0,0.67
BPF3652,3.0,9.9,1.0,6.48,0.0,0.0,4.0,16.380000000000003
BPF3654,1.0,0.4,0.0,0.0,0.0,0.0,1.0,0.4
BPF3655,3.0,3.45,0.0,0.0,0.0,0.0,3.0,3.45
BPF3656,5.0,8.43,1.0,9.07,0.0,0.0,6.0,17.5
BPF3657,1.0,3.5,0.0,0.0,0.0,0.0,1.0,3.5
BPF3658,3.0,1.5099999999999998,0.0,0.0,0.0,0.0,3.0,1.5099999999999998
BPF3661,1.0,0.57,0.0,0.0,0.0,0.0,1.0,0.57
BPF3662,1.0,0.78,0.0,0.0,0.0,0.0,1.0,0.78
BPF5359,1.0,2.1,0.0,0.0,0.0,0.0,1.0,2.1
BPF7714,3.0,7.03,2.0,18.15,1.0,57.38,6.0,82.56
BPF7720,2.0,1.9,0.0,0.0,0.0,0.0,2.0,1.9
BPF7726,2.0,1.76,0.0,0.0,0.0,0.0,2.0,1.76
BPF7732,5.0,6.5600000000000005,1.0,6.3,0.0,0.0,6.0,12.86
BPF7741,2.0,2.73,0.0,0.0,1.0,12.68,3.0,15.41
BPF8259,2.0,3.48,0.0,0.0,0.0,0.0,2.0,3.48
BPF8265,2.0,2.88,0.0,0.0,0.0,0.0,2.0,2.88
BPF8267,1.0,0.73,0.0,0.0,0.0,0.0,1.0,0.73
BPF8270,2.0,0.32,0.0,0.0,0.0,0.0,2.0,0.32
BPF9460,3.0,7.6899999999999995,0.0,0.0,0.0,0.0,3.0,7.6899999999999995
BPF9462,1.0,1.32,0.0,0.0,0.0,0.0,1.0,1.32
BPF9463,2.0,9.760000000000002,1.0,9.05,2.0,48.47,5.0,67.28
BPF9464,2.0,3.25,0.0,0.0,0.0,0.0,2.0,3.25
BPF9468,3.0,6.65,0.0,0.0,0.0,0.0,3.0,6.65
BPF9469,14.0,11.75,2.0,14.9,0.0,0.0,16.0,26.65
BPG3161,4.0,4.09,0.0,0.0,0.0,0.0,4.0,4.09
BPG3162,1.0,1.27,0.0,0.0,0.0,0.0,1.0,1.27
BPG3166,2.0,2.83,0.0,0.0,0.0,0.0,2.0,2.83
BPG3170,2.0,1.6800000000000002,0.0,0.0,0.0,0.0,2.0,1.6800000000000002
BPG3176,2.0,0.37,0.0,0.0,0.0,0.0,2.0,0.37
BPG3178,1.0,2.32,0.0,0.0,0.0,0.0,1.0,2.32
BPG3180,1.0,1.28,0.0,0.0,0.0,0.0,1.0,1.28
BPG3181,1.0,1.35,0.0,0.0,0.0,0.0,1.0,1.35
BPG6370,4.0,6.18,0.0,0.0,0.0,0.0,4.0,6.18
BPG6372,1.0,2.42,0.0,0.0,0.0,0.0,1.0,2.42
BPG6373,1.0,1.62,0.0,0.0,0.0,0.0,1.0,1.62
BPG6403,2.0,4.8,0.0,0.0,0.0,0.0,2.0,4.8
BPH1067,5.0,3.71,0.0,0.0,1.0,14.33,6.0,18.04
BPH1070,1.0,3.42,0.0,0.0,0.0,0.0,1.0,3.42
BPH1071,1.0,4.9,0.0,0.0,0.0,0.0,1.0,4.9
BPH1072,1.0,4.83,0.0,0.0,0.0,0.0,1.0,4.83
BPH1076,1.0,3.55,0.0,0.0,0.0,0.0,1.0,3.55
BPH1585,1.0,1.55,0.0,0.0,0.0,0.0,1.0,1.55
BPH3164,1.0,0.45,0.0,0.0,0.0,0.0,1.0,0.45
BPH3480,2.0,3.4499999999999997,0.0,0.0,0.0,0.0,2.0,3.4499999999999997
BPH3483,3.0,2.92,2.0,18.52,0.0,0.0,5.0,21.439999999999998
BPH3485,1.0,1.6,1.0,6.22,0.0,0.0,2.0,7.82
BPH3489,1.0,1.12,0.0,0.0,0.0,0.0,1.0,1.12
BPH6032,2.0,4.6,1.0,7.25,0.0,0.0,3.0,11.85
BPH6035,1.0,1.03,0.0,0.0,0.0,0.0,1.0,1.03
BPH7689,1.0,2.47,0.0,0.0,0.0,0.0,1.0,2.47
BPH7690,1.0,0.57,0.0,0.0,0.0,0.0,1.0,0.57
BPH7691,4.0,5.46,0.0,0.0,0.0,0.0,4.0,5.46
BPH7695,2.0,2.0,0.0,0.0,0.0,0.0,2.0,2.0
BPH7703,4.0,7.24,1.0,6.22,0.0,0.0,5.0,13.46
BPH7721,1.0,0.85,1.0,7.67,0.0,0.0,2.0,8.52
BPH7724,1.0,0.1,1.0,9.42,0.0,0.0,2.0,9.52
BPH7734,2.0,0.78,0.0,0.0,0.0,0.0,2.0,0.78
BPH7740,1.0,1.72,0.0,0.0,0.0,0.0,1.0,1.72
BPH7742,5.0,10.39,1.0,5.38,0.0,0.0,6.0,15.77
BPH7857,3.0,7.96,1.0,9.62,0.0,0.0,4.0,17.58
BPH827,2.0,0.08,0.0,0.0,0.0,0.0,2.0,0.08
BPH833,3.0,3.04,0.0,0.0,0.0,0.0,3.0,3.04
BPH835,2.0,2.48,0.0,0.0,1.0,18.18,3.0,20.66
BPH837,3.0,2.85,0.0,0.0,0.0,0.0,3.0,2.85
BPH839,3.0,5.79,0.0,0.0,0.0,0.0,3.0,5.79
BPH8604,2.0,5.9,0.0,0.0,0.0,0.0,2.0,5.9
BPH8605,2.0,5.550000000000001,0.0,0.0,0.0,0.0,2.0,5.550000000000001
BPJ2047,1.0,2.0,0.0,0.0,0.0,0.0,1.0,2.0
BPJ2052,1.0,1.8,0.0,0.0,0.0,0.0,1.0,1.8
BPJ2055,2.0,4.9,0.0,0.0,0.0,0.0,2.0,4.9
BPJ2057,5.0,7.720000000000001,0.0,0.0,1.0,14.57,6.0,22.29
BPJ2059,1.0,1.72,0.0,0.0,0.0,0.0,1.0,1.72
BPJ2063,2.0,4.4,1.0,7.5,0.0,0.0,3.0,11.9
BPJ2064,1.0,0.55,0.0,0.0,1.0,26.28,2.0,26.830000000000002
BPJ2065,6.0,7.87,2.0,10.93,1.0,12.22,9.0,31.020000000000003
BPJ4861,3.0,3.16,1.0,8.62,1.0,10.12,5.0,21.9
BPJ4877,11.0,14.66,0.0,0.0,0.0,0.0,11.0,14.66
BPJ4889,1.0,1.12,0.0,0.0,0.0,0.0,1.0,1.12
BPJ4954,3.0,13.25,1.0,5.17,0.0,0.0,4.0,18.42
BPJ4956,3.0,7.03,0.0,0.0,4.0,88.16,7.0,95.19
BPK2169,1.0,0.63,0.0,0.0,0.0,0.0,1.0,0.63
BPK2172,4.0,2.62,0.0,0.0,0.0,0.0,4.0,2.62
BPK2173,1.0,0.05,0.0,0.0,0.0,0.0,1.0,0.05
BPK2176,1.0,4.42,0.0,0.0,0.0,0.0,1.0,4.42
BPK2178,3.0,8.5,0.0,0.0,0.0,0.0,3.0,8.5
BPK2184,2.0,3.83,1.0,5.38,0.0,0.0,3.0,9.21
BPK2185,4.0,12.41,0.0,0.0,0.0,0.0,4.0,12.41
BPK2186,4.0,5.18,0.0,0.0,0.0,0.0,4.0,5.18
BPK2648,2.0,1.49,0.0,0.0,0.0,0.0,2.0,1.49
BPK3680,3.0,1.28,0.0,0.0,0.0,0.0,3.0,1.28
BPK3682,1.0,0.47,0.0,0.0,0.0,0.0,1.0,0.47
BPK3685,2.0,4.28,0.0,0.0,1.0,19.97,3.0,24.25
BPK3686,1.0,3.7,1.0,7.22,0.0,0.0,2.0,10.92
BPK3687,2.0,1.7,0.0,0.0,0.0,0.0,2.0,1.7
BPK3691,2.0,3.3200000000000003,0.0,0.0,0.0,0.0,2.0,3.3200000000000003
BPK5326,1.0,1.85,0.0,0.0,0.0,0.0,1.0,1.85
BPK5340,2.0,0.6,0.0,0.0,0.0,0.0,2.0,0.6
BPK5347,1.0,0.43,0.0,0.0,1.0,11.9,2.0,12.33
BPK5354,1.0,0.12,0.0,0.0,0.0,0.0,1.0,0.12
BPK5356,1.0,2.23,0.0,0.0,0.0,0.0,1.0,2.23
BPK5357,2.0,4.21,0.0,0.0,0.0,0.0,2.0,4.21
BPK6737,1.0,1.27,0.0,0.0,0.0,0.0,1.0,1.27
BPK6738,1.0,4.15,0.0,0.0,0.0,0.0,1.0,4.15
BPK6739,1.0,3.77,0.0,0.0,0.0,0.0,1.0,3.77
BPK6747,1.0,2.27,0.0,0.0,0.0,0.0,1.0,2.27
BPK6751,2.0,3.66,0.0,0.0,0.0,0.0,2.0,3.66
BPK6762,1.0,0.1,0.0,0.0,5.0,184.22,6.0,184.32
BPK6768,2.0,5.35,0.0,0.0,0.0,0.0,2.0,5.35
BPK9841,1.0,3.72,0.0,0.0,2.0,35.129999999999995,3.0,38.849999999999994
BPK9851,3.0,7.74,0.0,0.0,0.0,0.0,3.0,7.74
BPK9853,1.0,0.08,0.0,0.0,0.0,0.0,1.0,0.08
BPL4099,3.0,7.380000000000001,0.0,0.0,0.0,0.0,3.0,7.380000000000001
BPL4101,4.0,3.51,0.0,0.0,0.0,0.0,4.0,3.51
BPL4102,1.0,3.45,0.0,0.0,0.0,0.0,1.0,3.45
BPL4104,3.0,4.28,0.0,0.0,0.0,0.0,3.0,4.28
BPL4110,1.0,0.55,0.0,0.0,0.0,0.0,1.0,0.55
BPL4482,5.0,2.6,1.0,5.52,0.0,0.0,6.0,8.12
BPL4483,1.0,4.32,0.0,0.0,0.0,0.0,1.0,4.32
BPL4490,5.0,7.27,0.0,0.0,0.0,0.0,5.0,7.27
BPL4491,5.0,15.08,5.0,29.63,3.0,51.68,13.0,96.39
BPL4493,3.0,5.550000000000001,0.0,0.0,1.0,10.53,4.0,16.08
BPL4551,1.0,3.67,0.0,0.0,0.0,0.0,1.0,3.67
BPL4557,1.0,2.62,1.0,6.35,0.0,0.0,2.0,8.969999999999999
BPL4558,1.0,1.27,0.0,0.0,0.0,0.0,1.0,1.27
BPL4559,3.0,5.1000000000000005,0.0,0.0,0.0,0.0,3.0,5.1000000000000005
BPL8579,2.0,2.21,0.0,0.0,1.0,10.22,3.0,12.43
BPN1246,2.0,2.09,1.0,8.75,0.0,0.0,3.0,10.84
BPN1247,6.0,5.6,1.0,7.87,0.0,0.0,7.0,13.469999999999999
BPN1248,2.0,2.75,0.0,0.0,0.0,0.0,2.0,2.75
BPN1249,3.0,7.300000000000001,1.0,6.9,0.0,0.0,4.0,14.200000000000001
BPN1250,4.0,10.44,1.0,9.85,0.0,0.0,5.0,20.29
BPN1259,2.0,0.27,1.0,5.23,0.0,0.0,3.0,5.5
BPN1267,4.0,6.890000000000001,1.0,5.37,0.0,0.0,5.0,12.260000000000002
BPN1269,6.0,7.31,0.0,0.0,0.0,0.0,6.0,7.31
BPN1307,1.0,2.95,0.0,0.0,0.0,0.0,1.0,2.95
BPN1309,1.0,0.05,0.0,0.0,0.0,0.0,1.0,0.05
BPN1527,1.0,3.47,0.0,0.0,0.0,0.0,1.0,3.47
BPN1529,1.0,3.23,0.0,0.0,0.0,0.0,1.0,3.23
BPN3473,2.0,0.9199999999999999,0.0,0.0,0.0,0.0,2.0,0.9199999999999999
BPN3790,2.0,6.15,0.0,0.0,0.0,0.0,2.0,6.15
BPN4091,4.0,5.800000000000001,0.0,0.0,0.0,0.0,4.0,5.800000000000001
BPN4741,2.0,3.67,1.0,9.2,0.0,0.0,3.0,12.87
BPN4745,1.0,0.48,0.0,0.0,0.0,0.0,1.0,0.48
BPN4750,6.0,9.42,0.0,0.0,0.0,0.0,6.0,9.42
BPN4754,1.0,2.12,0.0,0.0,0.0,0.0,1.0,2.12
BPN4755,3.0,4.4,0.0,0.0,0.0,0.0,3.0,4.4
BPN4762,1.0,1.8,2.0,17.75,0.0,0.0,3.0,19.55
BPN7960,2.0,7.48,0.0,0.0,0.0,0.0,2.0,7.48
BPP1375,3.0,0.84,0.0,0.0,0.0,0.0,3.0,0.84
BPP3208,1.0,2.35,0.0,0.0,0.0,0.0,1.0,2.35
BPP3210,1.0,1.02,0.0,0.0,0.0,0.0,1.0,1.02
BPP3214,4.0,2.66,0.0,0.0,0.0,0.0,4.0,2.66
BPP3215,3.0,3.33,0.0,0.0,0.0,0.0,3.0,3.33
BPP3234,2.0,4.92,0.0,0.0,0.0,0.0,2.0,4.92
BPP3255,3.0,10.65,6.0,47.71,11.0,311.75,20.0,370.11
BPP3256,3.0,4.58,0.0,0.0,0.0,0.0,3.0,4.58
BPP3257,2.0,4.62,0.0,0.0,0.0,0.0,2.0,4.62
BPP3264,7.0,10.75,0.0,0.0,0.0,0.0,7.0,10.75
BPP3315,2.0,3.5,0.0,0.0,0.0,0.0,2.0,3.5
BPP3346,1.0,3.47,0.0,0.0,0.0,0.0,1.0,3.47
BPP3349,1.0,0.17,1.0,7.62,0.0,0.0,2.0,7.79
BPP3354,2.0,3.3,0.0,0.0,0.0,0.0,2.0,3.3
BPP3367,3.0,10.92,6.0,43.85,0.0,0.0,9.0,54.77
BPP3384,2.0,3.1799999999999997,0.0,0.0,0.0,0.0,2.0,3.1799999999999997
BPQ5488,2.0,2.96,0.0,0.0,0.0,0.0,2.0,2.96
BPQ7743,3.0,1.7000000000000002,4.0,26.95,2.0,23.92,9.0,52.57
BPQ7748,2.0,0.06,0.0,0.0,0.0,0.0,2.0,0.06
BPQ7754,1.0,0.57,0.0,0.0,0.0,0.0,1.0,0.57
BPQ7759,2.0,1.9500000000000002,0.0,0.0,0.0,0.0,2.0,1.9500000000000002
BPR2125,1.0,1.18,0.0,0.0,0.0,0.0,1.0,1.18
BPR7928,2.0,2.69,0.0,0.0,0.0,0.0,2.0,2.69
BPR7929,3.0,7.720000000000001,2.0,17.27,0.0,0.0,5.0,24.990000000000002
BPR7930,6.0,7.71,0.0,0.0,0.0,0.0,6.0,7.71
BPR8394,1.0,0.97,0.0,0.0,0.0,0.0,1.0,0.97
BPR8395,2.0,1.8399999999999999,0.0,0.0,0.0,0.0,2.0,1.8399999999999999
BPR8397,2.0,0.7100000000000001,0.0,0.0,0.0,0.0,2.0,0.7100000000000001
BPT1714,5.0,7.18,0.0,0.0,0.0,0.0,5.0,7.18
BPT1715,2.0,2.84,0.0,0.0,0.0,0.0,2.0,2.84
BPT1719,1.0,4.58,0.0,0.0,0.0,0.0,1.0,4.58
BPT6920,1.0,1.93,0.0,0.0,0.0,0.0,1.0,1.93
BPT6924,1.0,4.6,1.0,8.27,0.0,0.0,2.0,12.87
BPT6925,2.0,4.9,0.0,0.0,0.0,0.0,2.0,4.9
BPT6927,1.0,0.82,0.0,0.0,0.0,0.0,1.0,0.82
BPT6936,4.0,4.359999999999999,0.0,0.0,0.0,0.0,4.0,4.359999999999999
BPT6944,1.0,2.7,0.0,0.0,0.0,0.0,1.0,2.7
BPT6945,2.0,1.9700000000000002,0.0,0.0,0.0,0.0,2.0,1.9700000000000002
BPT6960,3.0,3.0700000000000003,0.0,0.0,0.0,0.0,3.0,3.0700000000000003
BPT6962,5.0,13.6,1.0,7.78,2.0,26.740000000000002,8.0,48.120000000000005
BPT6963,5.0,9.1,0.0,0.0,0.0,0.0,5.0,9.1
BPT6967,2.0,2.15,0.0,0.0,0.0,0.0,2.0,2.15
BPT6975,2.0,2.69,0.0,0.0,1.0,10.95,3.0,13.639999999999999
BPT6980,4.0,4.62,0.0,0.0,0.0,0.0,4.0,4.62
BPU1839,4.0,6.3100000000000005,0.0,0.0,0.0,0.0,4.0,6.3100000000000005
BPU1841,2.0,2.27,0.0,0.0,0.0,0.0,2.0,2.27
BPU1842,1.0,1.27,0.0,0.0,0.0,0.0,1.0,1.27
BPU1843,2.0,5.38,1.0,6.87,0.0,0.0,3.0,12.25
BPU2422,1.0,2.82,0.0,0.0,0.0,0.0,1.0,2.82
BPU2426,1.0,4.72,2.0,11.52,0.0,0.0,3.0,16.24
BPU3214,1.0,3.33,0.0,0.0,0.0,0.0,1.0,3.33
BPU3216,2.0,5.050000000000001,0.0,0.0,0.0,0.0,2.0,5.050000000000001
BPU3267,3.0,3.25,0.0,0.0,0.0,0.0,3.0,3.25
BPU3271,1.0,1.1,0.0,0.0,0.0,0.0,1.0,1.1
BPU5946,1.0,0.97,0.0,0.0,0.0,0.0,1.0,0.97
BPU5947,1.0,1.28,0.0,0.0,1.0,10.27,2.0,11.549999999999999
BPU5951,7.0,2.98,0.0,0.0,0.0,0.0,7.0,2.98
BPU5952,2.0,3.5999999999999996,0.0,0.0,0.0,0.0,2.0,3.5999999999999996
BPU5960,6.0,10.25,0.0,0.0,0.0,0.0,6.0,10.25
BPU5962,3.0,1.51,0.0,0.0,0.0,0.0,3.0,1.51
BPU6023,4.0,11.95,1.0,5.03,0.0,0.0,5.0,16.98
BPU6031,5.0,6.68,0.0,0.0,0.0,0.0,5.0,6.68
BPU6035,1.0,0.13,0.0,0.0,0.0,0.0,1.0,0.13
BPW2934,1.0,0.72,0.0,0.0,0.0,0.0,1.0,0.72
BPW4060,2.0,2.8200000000000003,0.0,0.0,0.0,0.0,2.0,2.8200000000000003
BPW4062,2.0,4.390000000000001,0.0,0.0,0.0,0.0,2.0,4.390000000000001
BPW4065,2.0,3.46,0.0,0.0,0.0,0.0,2.0,3.46
BPW4069,1.0,0.87,0.0,0.0,0.0,0.0,1.0,0.87
BPW7741,1.0,1.42,0.0,0.0,0.0,0.0,1.0,1.42
BPW7742,3.0,1.02,0.0,0.0,0.0,0.0,3.0,1.02
BPW7749,1.0,1.9,0.0,0.0,0.0,0.0,1.0,1.9
BPW7756,1.0,1.37,0.0,0.0,0.0,0.0,1.0,1.37
BPW7760,1.0,0.37,0.0,0.0,0.0,0.0,1.0,0.37
BPW9162,2.0,2.09,0.0,0.0,0.0,0.0,2.0,2.09
BPX1262-Hino,1.0,2.2,0.0,0.0,0.0,0.0,1.0,2.2
BPX1264-Hino,4.0,3.27,0.0,0.0,0.0,0.0,4.0,3.27
BPX1270,2.0,2.62,1.0,7.03,0.0,0.0,3.0,9.65
BPX1271,4.0,4.98,0.0,0.0,0.0,0.0,4.0,4.98
BPX1370,12.0,30.52,0.0,0.0,0.0,0.0,12.0,30.52
BPX1372,1.0,4.68,0.0,0.0,0.0,0.0,1.0,4.68
BPX1373,6.0,7.55,0.0,0.0,0.0,0.0,6.0,7.55
BPX1375,3.0,7.62,0.0,0.0,0.0,0.0,3.0,7.62
BPX1380,1.0,0.33,0.0,0.0,0.0,0.0,1.0,0.33
BPX1393,1.0,0.87,0.0,0.0,0.0,0.0,1.0,0.87
BPX1394,1.0,0.92,3.0,18.48,0.0,0.0,4.0,19.400000000000002
BPX1399,7.0,22.29,0.0,0.0,0.0,0.0,7.0,22.29
BPX1490,3.0,8.370000000000001,1.0,7.0,0.0,0.0,4.0,15.370000000000001
BPX1492,2.0,2.5,0.0,0.0,0.0,0.0,2.0,2.5
BPX1497,2.0,2.49,0.0,0.0,0.0,0.0,2.0,2.49
BPX1498,19.0,68.12,0.0,0.0,0.0,0.0,19.0,68.12
BPX1501,2.0,3.9,0.0,0.0,0.0,0.0,2.0,3.9
BPX4007,2.0,5.08,0.0,0.0,0.0,0.0,2.0,5.08
BPY9280,1.0,0.32,1.0,6.5,0.0,0.0,2.0,6.82
BQF3151,2.0,2.0999999999999996,1.0,8.1,0.0,0.0,3.0,10.2
BQF3152,2.0,3.88,0.0,0.0,0.0,0.0,2.0,3.88
BQF3154,3.0,3.45,0.0,0.0,0.0,0.0,3.0,3.45
BQF3155,1.0,2.05,0.0,0.0,0.0,0.0,1.0,2.05
BQF3157,1.0,1.28,0.0,0.0,0.0,0.0,1.0,1.28
BQF3159,1.0,2.77,0.0,0.0,0.0,0.0,1.0,2.77
BQF4465,2.0,1.87,0.0,0.0,0.0,0.0,2.0,1.87
BQF4467,2.0,5.21,0.0,0.0,0.0,0.0,2.0,5.21
BQF4470,1.0,0.08,0.0,0.0,0.0,0.0,1.0,0.08
BQF4471,3.0,4.54,0.0,0.0,0.0,0.0,3.0,4.54
BQF4472,3.0,2.1,1.0,8.82,0.0,0.0,4.0,10.92
BQF4473,3.0,8.92,0.0,0.0,0.0,0.0,3.0,8.92
BQF4475,1.0,0.22,0.0,0.0,1.0,35.42,2.0,35.64
BQK608,1.0,1.22,0.0,0.0,0.0,0.0,1.0,1.22
BQK615,3.0,8.46,0.0,0.0,0.0,0.0,3.0,8.46
BQK620,1.0,1.17,0.0,0.0,0.0,0.0,1.0,1.17
BQK621,2.0,3.6399999999999997,0.0,0.0,0.0,0.0,2.0,3.6399999999999997
BQK930,3.0,5.04,0.0,0.0,0.0,0.0,3.0,5.04
BQK932,8.0,4.859999999999999,2.0,10.93,0.0,0.0,10.0,15.79
BQK937,6.0,11.63,4.0,25.9,0.0,0.0,10.0,37.53
BQK954,2.0,1.19,0.0,0.0,0.0,0.0,2.0,1.19
BQK957,5.0,18.5,4.0,24.009999999999998,1.0,15.58,10.0,58.089999999999996
BQM7502,2.0,2.65,0.0,0.0,0.0,0.0,2.0,2.65
BQM7513,5.0,8.13,0.0,0.0,0.0,0.0,5.0,8.13
BQM8617,6.0,16.86,0.0,0.0,0.0,0.0,6.0,16.86
BQM8641,1.0,0.03,0.0,0.0,0.0,0.0,1.0,0.03
BQM9835,2.0,5.48,0.0,0.0,0.0,0.0,2.0,5.48
BQN3184,1.0,4.52,0.0,0.0,0.0,0.0,1.0,4.52
BQP3114,2.0,5.11,0.0,0.0,0.0,0.0,2.0,5.11
BQP7044,3.0,5.4,0.0,0.0,0.0,0.0,3.0,5.4
BQU2360,1.0,2.72,0.0,0.0,0.0,0.0,1.0,2.72
QAB4309B,4.0,9.58,0.0,0.0,2.0,24.05,6.0,33.63
QMM2835,1.0,2.48,0.0,0.0,0.0,0.0,1.0,2.48
QS1083M,4.0,0.8600000000000001,1.0,6.98,0.0,0.0,5.0,7.840000000000001
QS2243H,3.0,6.47,0.0,0.0,0.0,0.0,3.0,6.47
QS2245H,1.0,1.97,0.0,0.0,0.0,0.0,1.0,1.97
QS3483G,2.0,0.95,0.0,0.0,0.0,0.0,2.0,0.95
QS3488G,3.0,1.5999999999999999,0.0,0.0,1.0,12.18,4.0,13.78
QS3490G,1.0,1.03,0.0,0.0,0.0,0.0,1.0,1.03
QS3589G,2.0,4.35,0.0,0.0,0.0,0.0,2.0,4.35
QS4273J,2.0,2.55,0.0,0.0,0.0,0.0,2.0,2.55
QS4274J,5.0,7.489999999999999,0.0,0.0,0.0,0.0,5.0,7.489999999999999
QS4275J,3.0,5.87,0.0,0.0,0.0,0.0,3.0,5.87
QS4276J,2.0,2.7800000000000002,0.0,0.0,0.0,0.0,2.0,2.7800000000000002
QS837M,11.0,23.55,0.0,0.0,0.0,0.0,11.0,23.55
QS841M,5.0,3.2,1.0,5.33,0.0,0.0,6.0,8.530000000000001
QS842M,5.0,5.75,1.0,5.08,0.0,0.0,6.0,10.83
QS8432F,1.0,0.72,0.0,0.0,0.0,0.0,1.0,0.72
QS8524K,1.0,1.45,0.0,0.0,0.0,0.0,1.0,1.45
QS8527K,2.0,1.7,0.0,0.0,0.0,0.0,2.0,1.7
QS8529K,6.0,7.17,1.0,5.55,0.0,0.0,7.0,12.719999999999999
QS8531K,1.0,1.32,0.0,0.0,0.0,0.0,1.0,1.32
QS8532K,2.0,0.3,0.0,0.0,0.0,0.0,2.0,0.3
QS8536K,1.0,0.87,0.0,0.0,0.0,0.0,1.0,0.87
QS8712J,2.0,1.7799999999999998,0.0,0.0,0.0,0.0,2.0,1.7799999999999998
QS8714J,1.0,3.05,1.0,5.12,0.0,0.0,2.0,8.17
QS8720J,2.0,1.6099999999999999,1.0,5.78,0.0,0.0,3.0,7.390000000000001
QS9544F,2.0,3.7199999999999998,0.0,0.0,0.0,0.0,2.0,3.7199999999999998
QS9545F,1.0,4.23,0.0,0.0,0.0,0.0,1.0,4.23
SAB1892C,2.0,2.12,0.0,0.0,0.0,0.0,2.0,2.12
SAB6692C,7.0,9.35,1.0,6.52,0.0,0.0,8.0,15.87
SAC2949B,8.0,11.98,1.0,5.77,0.0,0.0,9.0,17.75
SAC2950B,3.0,4.18,0.0,0.0,0.0,0.0,3.0,4.18
SAC2952B,7.0,12.030000000000001,1.0,5.37,0.0,0.0,8.0,17.400000000000002
SM134,6.0,8.469999999999999,0.0,0.0,0.0,0.0,6.0,8.469999999999999
SM137,5.0,10.82,0.0,0.0,0.0,0.0,5.0,10.82
SM149,6.0,5.36,0.0,0.0,0.0,0.0,6.0,5.36
SM154,8.0,7.99,0.0,0.0,0.0,0.0,8.0,7.99
SMB2523,5.0,3.5,0.0,0.0,0.0,0.0,5.0,3.5
SMB2524,1.0,0.85,0.0,0.0,0.0,0.0,1.0,0.85
SMB2531,3.0,2.75,0.0,0.0,0.0,0.0,3.0,2.75
SMB4914,4.0,4.220000000000001,0.0,0.0,0.0,0.0,4.0,4.220000000000001
SMB4917,4.0,3.54,0.0,0.0,0.0,0.0,4.0,3.54
SMB6909,2.0,4.29,0.0,0.0,1.0,15.18,3.0,19.47
SMC5216,2.0,0.39,0.0,0.0,0.0,0.0,2.0,0.39
SMC5218,1.0,0.98,0.0,0.0,0.0,0.0,1.0,0.98
SMC5224,3.0,5.07,1.0,7.73,0.0,0.0,4.0,12.8
SMC5274,2.0,4.45,0.0,0.0,0.0,0.0,2.0,4.45
SS3028Y,2.0,1.92,0.0,0.0,0.0,0.0,2.0,1.92
SS3029Y,3.0,2.44,5.0,37.78,0.0,0.0,8.0,40.22
SS9034X,1.0,0.68,0.0,0.0,0.0,0.0,1.0,0.68
SSA152A,3.0,7.779999999999999,1.0,6.15,0.0,0.0,4.0,13.93
SYA6211,1.0,0.67,0.0,0.0,0.0,0.0,1.0,0.67
VBD8503,2.0,5.51,0.0,0.0,0.0,0.0,2.0,5.51
VBD8530,2.0,2.28,0.0,0.0,0.0,0.0,2.0,2.28
VC7321,1.0,1.3,0.0,0.0,0.0,0.0,1.0,1.3
WLG3443,3.0,6.73,0.0,0.0,0.0,0.0,3.0,6.73
WLG4270,1.0,0.82,0.0,0.0,0.0,0.0,1.0,0.82
WLG4272,1.0,4.17,0.0,0.0,0.0,0.0,1.0,4.17
WLG4273,4.0,7.57,0.0,0.0,0.0,0.0,4.0,7.57
WNH4481,4.0,12.68,3.0,16.97,0.0,0.0,7.0,29.65
WNT8124,4.0,5.32,0.0,0.0,0.0,0.0,4.0,5.32
WNV4506,3.0,2.96,0.0,0.0,1.0,16.75,4.0,19.71
WNV4513,1.0,1.25,0.0,0.0,0.0,0.0,1.0,1.25
WNX7948,1.0,3.27,1.0,5.87,0.0,0.0,2.0,9.14
WNX7952,1.0,2.52,0.0,0.0,0.0,0.0,1.0,2.52
WNY2972,3.0,7.37,2.0,11.260000000000002,1.0,29.12,6.0,47.75
WPD4201,1.0,1.28,0.0,0.0,0.0,0.0,1.0,1.28
WPD4259,1.0,2.87,0.0,0.0,0.0,0.0,1.0,2.87
WPD4261,7.0,9.34,0.0,0.0,0.0,0.0,7.0,9.34
WPF5825,3.0,6.57,0.0,0.0,0.0,0.0,3.0,6.57
WPF5826,1.0,4.77,0.0,0.0,0.0,0.0,1.0,4.77
WPF5839,4.0,5.89,1.0,7.25,0.0,0.0,5.0,13.14
WPF5854,8.0,27.06,2.0,13.969999999999999,0.0,0.0,10.0,41.03
WPF5908,13.0,16.64,2.0,12.82,0.0,0.0,15.0,29.46
WPK7907,6.0,7.94,0.0,0.0,0.0,0.0,6.0,7.94
WPN9384,16.0,19.29,0.0,0.0,0.0,0.0,16.0,19.29
WPQ7208,2.0,8.01,0.0,0.0,0.0,0.0,2.0,8.01
WPQ7234,2.0,4.09,0.0,0.0,1.0,11.92,3.0,16.009999999999998
WPR5343,3.0,3.82,0.0,0.0,1.0,20.63,4.0,24.45
WPR5348,1.0,2.8,0.0,0.0,0.0,0.0,1.0,2.8
WPT7263,16.0,19.66,1.0,5.15,0.0,0.0,17.0,24.810000000000002
WPT7280,9.0,16.45,0.0,0.0,0.0,0.0,9.0,16.45
WUE6497,7.0,10.709999999999999,1.0,8.35,0.0,0.0,8.0,19.06
WUE6657,4.0,4.82,0.0,0.0,0.0,0.0,4.0,4.82
WUG4204,2.0,3.42,0.0,0.0,0.0,0.0,2.0,3.42
WUG4248,2.0,2.8,0.0,0.0,0.0,0.0,2.0,2.8
WUG4396,13.0,14.870000000000001,0.0,0.0,2.0,24.619999999999997,15.0,39.489999999999995
WUK2876,4.0,6.9,2.0,11.21,0.0,0.0,6.0,18.11
WUK2959,1.0,0.55,0.0,0.0,0.0,0.0,1.0,0.55
WUK7266,1.0,0.38,0.0,0.0,0.0,0.0,1.0,0.38
WUW5874,2.0,3.52,3.0,24.33,1.0,12.78,6.0,40.629999999999995
BKG8772,0.0,0.0,1.0,5.38,0.0,0.0,1.0,5.38
BLQ4487,0.0,0.0,1.0,7.77,2.0,29.619999999999997,3.0,37.39
BME3351,0.0,0.0,1.0,7.4,0.0,0.0,1.0,7.4
BMK3981,0.0,0.0,1.0,5.15,0.0,0.0,1.0,5.15
BMK4484,0.0,0.0,1.0,6.4,0.0,0.0,1.0,6.4
BNB1969,0.0,0.0,1.0,5.22,0.0,0.0,1.0,5.22
BNB2005,0.0,0.0,1.0,5.35,0.0,0.0,1.0,5.35
BNE6184,0.0,0.0,1.0,7.68,0.0,0.0,1.0,7.68
BNF8549,0.0,0.0,1.0,8.15,0.0,0.0,1.0,8.15
BNP6720,0.0,0.0,3.0,25.97,2.0,24.43,5.0,50.4
BNP6740,0.0,0.0,3.0,22.26,0.0,0.0,3.0,22.26
BNP9479,0.0,0.0,1.0,9.23,0.0,0.0,1.0,9.23
BNR5495,0.0,0.0,1.0,7.85,0.0,0.0,1.0,7.85
BPA3017,0.0,0.0,2.0,16.560000000000002,3.0,735.4000000000001,5.0,751.96
BPA7029,0.0,0.0,1.0,5.52,1.0,11.48,2.0,17.0
BPA7032,0.0,0.0,1.0,6.27,1.0,12.28,2.0,18.549999999999997
BPC4483,0.0,0.0,1.0,5.02,2.0,31.63,3.0,36.65
BPC7029,0.0,0.0,1.0,5.15,0.0,0.0,1.0,5.15
BPD8602,0.0,0.0,2.0,18.96,0.0,0.0,2.0,18.96
BPD8612,0.0,0.0,1.0,5.23,0.0,0.0,1.0,5.23
BPF3653,0.0,0.0,1.0,6.43,0.0,0.0,1.0,6.43
BPF5352,0.0,0.0,1.0,5.5,1.0,25.08,2.0,30.58
BPH3162,0.0,0.0,1.0,8.98,0.0,0.0,1.0,8.98
BPH3487,0.0,0.0,3.0,24.67,0.0,0.0,3.0,24.67
BPH7694,0.0,0.0,1.0,7.13,0.0,0.0,1.0,7.13
BPK2183,0.0,0.0,2.0,15.75,0.0,0.0,2.0,15.75
BPK6757,0.0,0.0,1.0,6.4,0.0,0.0,1.0,6.4
BPL4100,0.0,0.0,1.0,6.53,0.0,0.0,1.0,6.53
BPN1302,0.0,0.0,1.0,7.15,0.0,0.0,1.0,7.15
BPP3219,0.0,0.0,1.0,5.2,0.0,0.0,1.0,5.2
BPU2431,0.0,0.0,1.0,6.28,0.0,0.0,1.0,6.28
BPU3217,0.0,0.0,1.0,6.0,0.0,0.0,1.0,6.0
BPU5950,0.0,0.0,1.0,5.37,0.0,0.0,1.0,5.37
BPU8213,0.0,0.0,1.0,9.17,0.0,0.0,1.0,9.17
BPW7750,0.0,0.0,1.0,5.4,0.0,0.0,1.0,5.4
BQA9243,0.0,0.0,1.0,7.4,0.0,0.0,1.0,7.4
BQB4799,0.0,0.0,1.0,9.48,0.0,0.0,1.0,9.48
BQF3147,0.0,0.0,1.0,6.1,0.0,0.0,1.0,6.1
BQL7413,0.0,0.0,1.0,5.68,0.0,0.0,1.0,5.68
BQN3187,0.0,0.0,1.0,5.63,0.0,0.0,1.0,5.63
BQN3207,0.0,0.0,1.0,5.23,0.0,0.0,1.0,5.23
QS9543F,0.0,0.0,1.0,7.02,0.0,0.0,1.0,7.02
SMB4919,0.0,0.0,2.0,13.77,0.0,0.0,2.0,13.77
BHG7081,0.0,0.0,0.0,0.0,1.0,17.32,1.0,17.32
BJB461,0.0,0.0,0.0,0.0,1.0,26.75,1.0,26.75
BMH6545,0.0,0.0,0.0,0.0,2.0,42.7,2.0,42.7
BMS6467,0.0,0.0,0.0,0.0,1.0,40.4,1.0,40.4
BMU2589,0.0,0.0,0.0,0.0,2.0,29.03,2.0,29.03
BNG1150,0.0,0.0,0.0,0.0,1.0,464.08,1.0,464.08
BNQ4066,0.0,0.0,0.0,0.0,1.0,14.43,1.0,14.43
BNS7284,0.0,0.0,0.0,0.0,1.0,25.07,1.0,25.07
BNX4115,0.0,0.0,0.0,0.0,1.0,16.32,1.0,16.32
BPB5006,0.0,0.0,0.0,0.0,3.0,53.84,3.0,53.84
BPB5021,0.0,0.0,0.0,0.0,1.0,31.45,1.0,31.45
BPB625,0.0,0.0,0.0,0.0,1.0,17.55,1.0,17.55
BPB645,0.0,0.0,0.0,0.0,1.0,11.65,1.0,11.65
BPB870,0.0,0.0,0.0,0.0,1.0,18.32,1.0,18.32
BPD6195,0.0,0.0,0.0,0.0,1.0,11.57,1.0,11.57
BPF7719,0.0,0.0,0.0,0.0,1.0,39.83,1.0,39.83
BPF9653,0.0,0.0,0.0,0.0,3.0,145.25,3.0,145.25
BPG3167,0.0,0.0,0.0,0.0,1.0,15.77,1.0,15.77
BPN2340,0.0,0.0,0.0,0.0,1.0,19.33,1.0,19.33
BPU3270,0.0,0.0,0.0,0.0,1.0,16.42,1.0,16.42
BPY9276,0.0,0.0,0.0,0.0,2.0,73.45,2.0,73.45
BQA1276,0.0,0.0,0.0,0.0,1.0,13.95,1.0,13.95
BQA5443,0.0,0.0,0.0,0.0,1.0,11.2,1.0,11.2
BQL2640,0.0,0.0,0.0,0.0,1.0,10.87,1.0,10.87
BQP7042,0.0,0.0,0.0,0.0,1.0,16.17,1.0,16.17
BQQ9263,0.0,0.0,0.0,0.0,1.0,20.27,1.0,20.27
BQQ9264,0.0,0.0,0.0,0.0,2.0,36.6,2.0,36.6
SYA1581,0.0,0.0,0.0,0.0,1.0,29.92,1.0,29.92
VBD8404,0.0,0.0,0.0,0.0,1.0,19.42,1.0,19.42
